Name,Alexa Rank (Lower is more popular),Type,Type 
[Codeable](https://codeable.io/),"86,665",Agency,Wordpress software developers
[Crew](https://crew.co/),"98,419",Agency,
[Working Not Working](https://workingnotworking.com/),"116,797",Agency,
[X-Team](http://x-team.com),"174,164",Agency,
[DOZ.com](https://www.doz.com),"280,174",Agency,Marketing
[Gun.io](https://gun.io/),"306,455",Agency,Software
[CodersClan.net](https://codersclan.net),"482,254",Agency,
[Lightboard](https://lightboard.io),"590,226",Agency,Designers
[Moonlight](https://www.moonlightwork.com),"944,496",Agency,Software
[Pilot](https://pilot.co/),"1,016,443",Agency,Software
[10xmanagement](https://www.10xmanagement.com/),"1,169,273",Agency,Designers & Software
[Upwork](https://upwork.com),593,Clients,Software
[Toptal](https://www.toptal.com/),"6,431",Clients,Designers & Software
[PeoplePerHour](https://www.peopleperhour.com),"6,908",Clients,Designers
[Guru.com](http://www.guru.com/),"13,604",Clients,Software
[Folyo](https://www.folyo.me),"1,153,666",Clients,Designers & Software
[Loom](https://www.joinloom.com),"10,000,000",Clients,
[CodeMentor.io](https://codementor.io),"10,233",Clients & Tutoring,Software
[#freelance](http://freelance.chat/),"861,715",Community,Software
[#frontenddevelopers.org](http://frontenddevelopers.org/),"1,550,259",Community,
[Domino](https://www.wearedomino.com/freelancer),"9,166,876",Community,
[Fiverr](https://www.fiverr.com/),556,Gigs,Variety
[Stack Overflow Careers](http://careers.stackoverflow.com/jobs/remote),57,Jobs,Software
[Dribbble Jobs](https://dribbble.com/jobs?utf8=%E2%9C%93&amp;anywhere=true&amp;location=Anywhere),"1,176",Jobs,Designers
[Angel List Jobs](https://angel.co/jobs#find/f!%7B%22remote%22%3Atrue%7D),"2,406",Jobs,Variety
[Hired](https://hired.com/),"22,504",Jobs,Software
[We Work Remotely](https://weworkremotely.com/),"41,415",Jobs,
[Remote|OK](https://remoteok.io/),"49,211",Jobs,
[No Fluff Jobs](https://nofluffjobs.com/#criteria=remote),"73,573",Jobs,
[Authentic Jobs](http://www.authenticjobs.com/#onlyremote=1),"136,124",Jobs,Designers & Software
[Working Nomads](http://www.workingnomads.co/jobs),"153,535",Jobs,
[WFH](https://www.wfh.io/),"313,488",Jobs,Software
[Remotely Awesome Jobs](https://www.remotelyawesomejobs.com),"552,335",Jobs,
[Golang Jobs](http://www.golangprojects.com/golang-remote-jobs.html),"844,744",Jobs,Golang developers
[RemoteBase](https://remotebase.io/),"962,648",Jobs,Software
[Coworks.com](https://coworks.com/for-freelancers/),"1,260,620",Jobs,
[Seven Days](https://www.sevendays.co/),"1,806,718",Jobs,
[Jobmote](http://jobmote.com/),"2,133,075",Jobs,
[Remote Friendly](https://remotefriendly.work),"3,081,421",Jobs,
[Freelance Dev Leads](https://freelancedevleads.com/),"7,021,226",Jobs,
[Curated Jobs](http://curatedjobs.spirofloropoulos.com/),"10,000,000",Jobs,
[Jobbox](https://www.jobbox.io/offers?t=&amp;s=featured&amp),"10,000,000",Jobs,
[Jobscribe](http://jobscri.be/),"10,000,000",Jobs,
[FlexJobs](https://www.flexjobs.com),"20,566",Jobs & Clients,Software
[HackHands](https://hackhands.com),"138,799",Tutoring,