netloc,name,url,rank,section,type,hiringtype
upwork.com,Upwork,https://upwork.com,500,Clients,Clients,"Designers, Developers, & Others"
www.peopleperhour.com,PeoplePerHour,https://www.peopleperhour.com,"6,000",Clients,Clients & Gigs,"Designers, Developers, & Others"
www.toptal.com,Toptal,https://www.toptal.com/#amass-nothing-but-top-notch-software-architects,"7,000",Clients,Clients,"Designers, Developers, & Others"
www.guru.com,Guru.com,http://www.guru.com/,"10,000",Clients,Clients,"Designers, Developers, & Others"
codementor.io,CodeMentor.io,https://www.codementor.io/i/2kz84aesbl,"10,000",Clients,Clients & Tutoring,Developers
www.certace.com,Certace,https://www.certace.com,"9,000,000",Clients,Clients,Data Scientists
www.joinloom.com,Loom,https://www.joinloom.com,"10,000,000",Clients,Clients,Designers & Developers
careers.stackoverflow.com,Stack Overflow Careers,http://careers.stackoverflow.com/jobs/remote,60,Jobs,Jobs,Developers
dribbble.com,Dribbble Jobs,https://dribbble.com/obs?utf8=%E2%9C%93&amp;anywhere=true&amp;location=Anywhere,"1,000",Jobs,Jobs,Designers
angel.co,Angel List Jobs,https://angel.co/jobs#find/f!%7B%22remote%22%3Atrue%7D,"2,000",Jobs,Jobs,Variety
www.flexjobs.com,FlexJobs,https://www.flexjobs.com,"20,000",Jobs,Jobs,Variety
hired.com,Hired,https://hired.com/,"20,000",Jobs,Jobs,"Designers, Developers, & Product Managers"
weworkremotely.com,We Work Remotely,https://weworkremotely.com/,"40,000",Jobs,Jobs,Variety
remoteok.io,Remote|OK,https://remoteok.io/,"50,000",Jobs,Jobs,Developers
nofluffjobs.com,No Fluff Jobs,https://nofluffjobs.com/#criteria=remote,"70,000",Jobs,Jobs,Developers
www.authenticjobs.com,Authentic Jobs,http://www.authenticjobs.com/#onlyremote=1,"100,000",Jobs,Jobs,Designers & Developers
www.workingnomads.co,Working Nomads,http://www.workingnomads.co/jobs,"200,000",Jobs,Jobs,Variety
www.wfh.io,WFH,https://www.wfh.io/,"400,000",Jobs,Jobs,Developers
www.remotelyawesomejobs.com,Remotely Awesome Jobs,https://www.remotelyawesomejobs.com,"500,000",Jobs,Jobs,Developers
www.golangprojects.com,Golang Jobs,http://www.golangprojects.com/golang-remote-jobs.html,"800,000",Jobs,Jobs,Golang Developers
remotebase.io,RemoteBase,https://remotebase.io/,"900,000",Jobs,Jobs,Developers
www.sevendays.co,Seven Days,https://www.sevendays.co/,"2,000,000",Jobs,Jobs,Designers & Developers
freelancedevleads.com,Freelance Dev Leads,https://freelancedevleads.com/,"8,000,000",Jobs,Jobs,Developers
curatedjobs.spirofloropoulos.com,Curated Jobs,http://curatedjobs.spirofloropoulos.com/,"10,000,000",Jobs,Jobs,Developers
www.jobbox.io,Jobbox,https://www.jobbox.io/offers?t=&amp;s=featured&amp,"10,000,000",Jobs,Jobs,Developers
www.fiverr.com,Fiverr,https://www.fiverr.com/,400,Other,Gigs,Variety
hackhands.com,HackHands,https://hackhands.com,"200,000",Other,Tutoring,Developers
freelance.chat,#freelance,http://freelance.chat/,"1,000,000",Other,Community,Developers
frontenddevelopers.org,#frontenddevelopers.org,http://frontenddevelopers.org/,"2,000,000",Other,Community,Developers
codeable.io,Codeable,https://codeable.io/,"100,000",Agency,Agency,Wordpress Developers developers
crew.co,Crew,https://crew.co/,"100,000",Agency,Agency,
workingnotworking.com,Working Not Working,https://workingnotworking.com/,"100,000",Agency,Agency,
x-team.com,X-Team,http://x-team.com,"200,000",Agency,Agency,
www.doz.com,DOZ.com,https://www.doz.com,"300,000",Agency,Agency,Marketing
gun.io,Gun.io,https://gun.io/,"400,000",Agency,Agency,Developers
lightboard.io,Lightboard,https://lightboard.io,"500,000",Agency,Agency,Designers
codersclan.net,CodersClan.net,https://codersclan.net,"700,000",Agency,Agency,
www.moonlightwork.com,Moonlight,https://www.moonlightwork.com,"1,000,000",Agency,Agency,Developers
www.10xmanagement.com,10xmanagement,https://www.10xmanagement.com/,"1,000,000",Agency,Agency,Designers & Developers
pilot.co,Pilot,https://pilot.co/,"1,000,000",Agency,Agency,Developers